-0.00008,-0.00009,-0.00012,0.00006,0,-0.00017,0.00006,0.00002
-0.00008,-0.00009,-0.00012,0.00006,0,-0.00017,0.00006,0.00002
-0.00008,-0.00009,-0.00012,0.00006,0,-0.00017,0.00006,0.00002
-0.00008,-0.00009,-0.00012,0.00006,0,-0.00017,0.00006,0.00002
-0.00008,-0.00009,-0.00012,0.00006,0,-0.00017,0.00006,0.00002
-0.00008,-0.00009,-0.00012,0.00006,0,-0.00017,0.00006,0.00002
-0.00008,-0.00009,-0.00012,0.00006,0,-0.00017,0.00006,0.00002
-0.00008,-0.00009,-0.00012,0.00006,0,-0.00017,0.00006,0.00002
-0.00008,-0.00009,-0.00012,0.00006,0,-0.00017,0.00006,0.00002
0.00013,0.00003,0.00011,0.00014,0.00009,-0.00015,0.00049,0.00016
0.00019,0.00003,-0.00008,0.00001,0.00024,0.00022,0.00045,0.0001
0.00019,0.00003,-0.00008,0.00001,0.00024,0.00022,0.00045,0.0001
0.00019,0.00003,-0.00008,0.00001,0.00024,0.00022,0.00045,0.0001
0.00019,0.00003,-0.00008,0.00001,0.00024,0.00022,0.00045,0.0001
0.00019,0.00003,-0.00008,0.00001,0.00024,0.00022,0.00045,0.0001
0.00019,0.00003,-0.00008,0.00001,0.00024,0.00022,0.00045,0.0001
0.00019,0.00003,-0.00008,0.00001,0.00024,0.00022,0.00045,0.0001
0.00019,0.00003,-0.00008,0.00001,0.00024,0.00022,0.00045,0.0001
0.00019,0.00003,-0.00008,0.00001,0.00024,0.00022,0.00045,0.0001
0.00019,0.00003,-0.00008,0.00001,0.00024,0.00022,0.00045,0.0001
0.00019,0.00003,-0.00008,0.00001,0.00024,0.00022,0.00045,0.0001
0.00019,0.00003,-0.00008,0.00001,0.00024,0.00022,0.00045,0.0001
0.00019,0.00003,-0.00008,0.00001,0.00024,0.00022,0.00045,0.0001
0.00019,0.00003,-0.00008,0.00001,0.00024,0.00022,0.00045,0.0001
0.00019,0.00003,-0.00008,0.00001,0.00024,0.00022,0.00045,0.0001
0.00019,0.00003,-0.00008,0.00001,0.00024,0.00022,0.00045,0.0001
0.00019,0.00003,-0.00008,0.00001,0.00024,0.00022,0.00045,0.0001
0.00019,0.00003,-0.00008,0.00001,0.00024,0.00022,0.00045,0.0001
0.00019,0.00003,-0.00008,0.00001,0.00024,0.00022,0.00045,0.0001
0.00019,0.00003,-0.00008,0.00001,0.00024,0.00022,0.00045,0.0001
0.00019,0.00003,-0.00008,0.00001,0.00024,0.00022,0.00045,0.0001
0.00019,0.00003,-0.00008,0.00001,0.00024,0.00022,0.00045,0.0001
0.00023,0.00012,0.00003,-0.00014,0.00024,0.00035,0.00045,0.00013
0.00023,0.00012,0.00003,-0.00014,0.00024,0.00035,0.00045,0.00013
-0.00023,-0.00011,-0.00018,-0.00027,-0.00033,-0.00012,-0.00076,-0.0005
-0.00023,-0.00011,-0.00018,-0.00027,-0.00033,-0.00012,-0.00076,-0.0005
-0.00023,-0.00011,-0.00018,-0.00027,-0.00033,-0.00012,-0.00076,-0.0005
-0.00023,-0.00011,-0.00018,-0.00027,-0.00033,-0.00012,-0.00076,-0.0005
-0.00023,-0.00011,-0.00018,-0.00027,-0.00033,-0.00012,-0.00076,-0.0005
-0.00023,-0.00011,-0.00018,-0.00027,-0.00033,-0.00012,-0.00076,-0.0005
-0.00023,-0.00011,-0.00018,-0.00027,-0.00033,-0.00012,-0.00076,-0.0005
-0.00023,-0.00011,-0.00018,-0.00027,-0.00033,-0.00012,-0.00076,-0.0005
-0.00023,-0.00011,-0.00018,-0.00027,-0.00033,-0.00012,-0.00076,-0.0005
-0.00023,-0.00011,-0.00018,-0.00027,-0.00033,-0.00012,-0.00076,-0.0005
-0.00023,-0.00011,-0.00018,-0.00027,-0.00033,-0.00012,-0.00076,-0.0005
-0.00023,-0.00011,-0.00018,-0.00027,-0.00033,-0.00012,-0.00076,-0.0005
-0.00023,-0.00011,-0.00018,-0.00027,-0.00033,-0.00012,-0.00076,-0.0005
-0.00023,-0.00011,-0.00018,-0.00027,-0.00033,-0.00012,-0.00076,-0.0005
-0.00023,-0.00011,-0.00018,-0.00027,-0.00033,-0.00012,-0.00076,-0.0005
-0.00023,-0.00011,-0.00018,-0.00027,-0.00033,-0.00012,-0.00076,-0.0005
-0.00023,-0.00011,-0.00018,-0.00027,-0.00033,-0.00012,-0.00076,-0.0005
-0.00023,-0.00011,-0.00018,-0.00027,-0.00033,-0.00012,-0.00076,-0.0005
-0.00023,-0.00011,-0.00018,-0.00027,-0.00033,-0.00012,-0.00076,-0.0005
-0.00023,-0.00011,-0.00018,-0.00027,-0.00033,-0.00012,-0.00076,-0.0005
-0.00023,-0.00011,-0.00018,-0.00027,-0.00033,-0.00012,-0.00076,-0.0005
-0.00023,-0.00011,-0.00018,-0.00027,-0.00033,-0.00012,-0.00076,-0.0005
-0.00023,-0.00011,-0.00018,-0.00027,-0.00033,-0.00012,-0.00076,-0.0005
-0.00023,-0.00011,-0.00018,-0.00027,-0.00033,-0.00012,-0.00076,-0.0005
-0.00023,-0.00011,-0.00018,-0.00027,-0.00033,-0.00012,-0.00076,-0.0005
-0.00023,-0.00011,-0.00018,-0.00027,-0.00033,-0.00012,-0.00076,-0.0005
-0.00023,-0.00011,-0.00018,-0.00027,-0.00033,-0.00012,-0.00076,-0.0005
0.0002,0.00004,-0.00011,-0.00008,0,0,0.00004,0.00017
0.0002,0.00004,-0.00011,-0.00008,0,0,0.00004,0.00017
-0.00011,0.00015,0.00016,-0.00015,0.00001,0.00005,0.00005,-0.00002
-0.00011,0.00015,0.00016,-0.00015,0.00001,0.00005,0.00005,-0.00002
-0.00011,0.00015,0.00016,-0.00015,0.00001,0.00005,0.00005,-0.00002
-0.00011,0.00015,0.00016,-0.00015,0.00001,0.00005,0.00005,-0.00002
-0.00011,0.00015,0.00016,-0.00015,0.00001,0.00005,0.00005,-0.00002
-0.00011,0.00015,0.00016,-0.00015,0.00001,0.00005,0.00005,-0.00002
-0.00011,0.00015,0.00016,-0.00015,0.00001,0.00005,0.00005,-0.00002
-0.00011,0.00015,0.00016,-0.00015,0.00001,0.00005,0.00005,-0.00002
-0.00011,0.00015,0.00016,-0.00015,0.00001,0.00005,0.00005,-0.00002
-0.00011,0.00015,0.00016,-0.00015,0.00001,0.00005,0.00005,-0.00002
-0.00011,0.00015,0.00016,-0.00015,0.00001,0.00005,0.00005,-0.00002
-0.00011,0.00015,0.00016,-0.00015,0.00001,0.00005,0.00005,-0.00002
-0.00011,0.00015,0.00016,-0.00015,0.00001,0.00005,0.00005,-0.00002
-0.00011,0.00015,0.00016,-0.00015,0.00001,0.00005,0.00005,-0.00002
-0.00011,0.00015,0.00016,-0.00015,0.00001,0.00005,0.00005,-0.00002
-0.00011,0.00015,0.00016,-0.00015,0.00001,0.00005,0.00005,-0.00002
-0.00011,0.00015,0.00016,-0.00015,0.00001,0.00005,0.00005,-0.00002
-0.00011,0.00015,0.00016,-0.00015,0.00001,0.00005,0.00005,-0.00002
-0.00011,0.00015,0.00016,-0.00015,0.00001,0.00005,0.00005,-0.00002
-0.00011,0.00015,0.00016,-0.00015,0.00001,0.00005,0.00005,-0.00002
-0.00011,0.00015,0.00016,-0.00015,0.00001,0.00005,0.00005,-0.00002
0.00051,-0.00004,-0.00011,0.00003,0.00017,0.0006,0.00054,0.00023
0.00007,-0.00012,-0.00021,-0.00024,-0.00039,-0.00041,-0.00025,-0.00021
0.00007,-0.00012,-0.00021,-0.00024,-0.00039,-0.00041,-0.00025,-0.00021
0.00007,-0.00012,-0.00021,-0.00024,-0.00039,-0.00041,-0.00025,-0.00021
0.00007,-0.00012,-0.00021,-0.00024,-0.00039,-0.00041,-0.00025,-0.00021
0.00007,-0.00012,-0.00021,-0.00024,-0.00039,-0.00041,-0.00025,-0.00021
0.00007,-0.00012,-0.00021,-0.00024,-0.00039,-0.00041,-0.00025,-0.00021
0.00007,-0.00012,-0.00021,-0.00024,-0.00039,-0.00041,-0.00025,-0.00021
0.00007,-0.00012,-0.00021,-0.00024,-0.00039,-0.00041,-0.00025,-0.00021
0.00007,-0.00012,-0.00021,-0.00024,-0.00039,-0.00041,-0.00025,-0.00021
0.00007,-0.00012,-0.00021,-0.00024,-0.00039,-0.00041,-0.00025,-0.00021
0.00007,-0.00012,-0.00021,-0.00024,-0.00039,-0.00041,-0.00025,-0.00021
0.00007,-0.00012,-0.00021,-0.00024,-0.00039,-0.00041,-0.00025,-0.00021
0.00007,-0.00012,-0.00021,-0.00024,-0.00039,-0.00041,-0.00025,-0.00021
0.00007,-0.00012,-0.00021,-0.00024,-0.00039,-0.00041,-0.00025,-0.00021
0.00007,-0.00012,-0.00021,-0.00024,-0.00039,-0.00041,-0.00025,-0.00021
0.00007,-0.00012,-0.00021,-0.00024,-0.00039,-0.00041,-0.00025,-0.00021
0.00007,-0.00012,-0.00021,-0.00024,-0.00039,-0.00041,-0.00025,-0.00021
0.00007,-0.00012,-0.00021,-0.00024,-0.00039,-0.00041,-0.00025,-0.00021
0.00007,-0.00012,-0.00021,-0.00024,-0.00039,-0.00041,-0.00025,-0.00021
0.00007,-0.00012,-0.00021,-0.00024,-0.00039,-0.00041,-0.00025,-0.00021
-0.00057,-0.00033,-0.00047,-0.00016,-0.00017,0,0.00024,-0.00001
-0.00012,0.00008,0.00013,-0.00008,0.00001,-0.0001,-0.00032,-0.00056
-0.00012,0.00008,0.00013,-0.00008,0.00001,-0.0001,-0.00032,-0.00056
-0.00012,0.00008,0.00013,-0.00008,0.00001,-0.0001,-0.00032,-0.00056
-0.00012,0.00008,0.00013,-0.00008,0.00001,-0.0001,-0.00032,-0.00056
-0.00012,0.00008,0.00013,-0.00008,0.00001,-0.0001,-0.00032,-0.00056
-0.00038,0.00007,0.00009,0.00007,-0.00018,-0.00046,0.00002,-0.00032
-0.00038,0.00007,0.00009,0.00007,-0.00018,-0.00046,0.00002,-0.00032
-0.00038,0.00007,0.00009,0.00007,-0.00018,-0.00046,0.00002,-0.00032
-0.00038,0.00007,0.00009,0.00007,-0.00018,-0.00046,0.00002,-0.00032
-0.00038,0.00007,0.00009,0.00007,-0.00018,-0.00046,0.00002,-0.00032
-0.00038,0.00007,0.00009,0.00007,-0.00018,-0.00046,0.00002,-0.00032
-0.00038,0.00007,0.00009,0.00007,-0.00018,-0.00046,0.00002,-0.00032
-0.00038,0.00007,0.00009,0.00007,-0.00018,-0.00046,0.00002,-0.00032
-0.00038,0.00007,0.00009,0.00007,-0.00018,-0.00046,0.00002,-0.00032
-0.00038,0.00007,0.00009,0.00007,-0.00018,-0.00046,0.00002,-0.00032
-0.00038,0.00007,0.00009,0.00007,-0.00018,-0.00046,0.00002,-0.00032
-0.00038,0.00007,0.00009,0.00007,-0.00018,-0.00046,0.00002,-0.00032
-0.00038,0.00007,0.00009,0.00007,-0.00018,-0.00046,0.00002,-0.00032
-0.00038,0.00007,0.00009,0.00007,-0.00018,-0.00046,0.00002,-0.00032
-0.00038,0.00007,0.00009,0.00007,-0.00018,-0.00046,0.00002,-0.00032
-0.00038,0.00007,0.00009,0.00007,-0.00018,-0.00046,0.00002,-0.00032
-0.00038,0.00007,0.00009,0.00007,-0.00018,-0.00046,0.00002,-0.00032
-0.00038,0.00007,0.00009,0.00007,-0.00018,-0.00046,0.00002,-0.00032
-0.00038,0.00007,0.00009,0.00007,-0.00018,-0.00046,0.00002,-0.00032
-0.00038,0.00007,0.00009,0.00007,-0.00018,-0.00046,0.00002,-0.00032
-0.00038,0.00007,0.00009,0.00007,-0.00018,-0.00046,0.00002,-0.00032
-0.00038,0.00007,0.00009,0.00007,-0.00018,-0.00046,0.00002,-0.00032
-0.00038,0.00007,0.00009,0.00007,-0.00018,-0.00046,0.00002,-0.00032
-0.00035,-0.00034,-0.00049,-0.00018,-0.00005,0,-0.00004,-0.00008
0,-0.00004,-0.00024,-0.00012,0.00006,-0.00008,0.00012,0.00006
0,-0.00004,-0.00024,-0.00012,0.00006,-0.00008,0.00012,0.00006
0,-0.00004,-0.00024,-0.00012,0.00006,-0.00008,0.00012,0.00006
0,-0.00004,-0.00024,-0.00012,0.00006,-0.00008,0.00012,0.00006
0,-0.00004,-0.00024,-0.00012,0.00006,-0.00008,0.00012,0.00006
0,-0.00004,-0.00024,-0.00012,0.00006,-0.00008,0.00012,0.00006
0,-0.00004,-0.00024,-0.00012,0.00006,-0.00008,0.00012,0.00006
0,-0.00004,-0.00024,-0.00012,0.00006,-0.00008,0.00012,0.00006
0,-0.00004,-0.00024,-0.00012,0.00006,-0.00008,0.00012,0.00006
0,-0.00004,-0.00024,-0.00012,0.00006,-0.00008,0.00012,0.00006
0,-0.00004,-0.00024,-0.00012,0.00006,-0.00008,0.00012,0.00006
0,-0.00004,-0.00024,-0.00012,0.00006,-0.00008,0.00012,0.00006
0,-0.00004,-0.00024,-0.00012,0.00006,-0.00008,0.00012,0.00006
0,-0.00004,-0.00024,-0.00012,0.00006,-0.00008,0.00012,0.00006
0,-0.00004,-0.00024,-0.00012,0.00006,-0.00008,0.00012,0.00006
0,-0.00004,-0.00024,-0.00012,0.00006,-0.00008,0.00012,0.00006
0,-0.00004,-0.00024,-0.00012,0.00006,-0.00008,0.00012,0.00006
0,-0.00004,-0.00024,-0.00012,0.00006,-0.00008,0.00012,0.00006
0,-0.00004,-0.00024,-0.00012,0.00006,-0.00008,0.00012,0.00006
0,-0.00004,-0.00024,-0.00012,0.00006,-0.00008,0.00012,0.00006
-0.00039,-0.00026,-0.0003,-0.00018,0.00002,0.00003,-0.00036,-0.00032
-0.00039,-0.00026,-0.0003,-0.00018,0.00002,0.00003,-0.00036,-0.00032
-0.00007,-0.00013,0.00006,0.00022,0.00027,0.00032,0.00007,-0.00001
-0.00007,-0.00013,0.00006,0.00022,0.00027,0.00032,0.00007,-0.00001
-0.00007,-0.00013,0.00006,0.00022,0.00027,0.00032,0.00007,-0.00001
-0.00007,-0.00013,0.00006,0.00022,0.00027,0.00032,0.00007,-0.00001
-0.00007,-0.00013,0.00006,0.00022,0.00027,0.00032,0.00007,-0.00001
-0.00007,-0.00013,0.00006,0.00022,0.00027,0.00032,0.00007,-0.00001
-0.00016,-0.00001,0.00013,0.00011,0.00002,0.0004,0.00077,0.00049
-0.00016,-0.00001,0.00013,0.00011,0.00002,0.0004,0.00077,0.00049
-0.00021,0.00012,0.00026,0.00012,0.00009,0.00018,0.00007,-0.00002
-0.00021,0.00012,0.00026,0.00012,0.00009,0.00018,0.00007,-0.00002
-0.00021,0.00012,0.00026,0.00012,0.00009,0.00018,0.00007,-0.00002
-0.00021,0.00012,0.00026,0.00012,0.00009,0.00018,0.00007,-0.00002
-0.00021,0.00012,0.00026,0.00012,0.00009,0.00018,0.00007,-0.00002
-0.00021,0.00012,0.00026,0.00012,0.00009,0.00018,0.00007,-0.00002
-0.00021,0.00012,0.00026,0.00012,0.00009,0.00018,0.00007,-0.00002
-0.00021,0.00012,0.00026,0.00012,0.00009,0.00018,0.00007,-0.00002
-0.00021,0.00012,0.00026,0.00012,0.00009,0.00018,0.00007,-0.00002
-0.00021,0.00012,0.00026,0.00012,0.00009,0.00018,0.00007,-0.00002
-0.00021,0.00012,0.00026,0.00012,0.00009,0.00018,0.00007,-0.00002
-0.00021,0.00012,0.00026,0.00012,0.00009,0.00018,0.00007,-0.00002
0.00031,0.00008,-0.00006,0.00006,0.00016,-0.00005,-0.00019,0.00004
0.00031,0.00008,-0.00006,0.00006,0.00016,-0.00005,-0.00019,0.00004
0.00031,0.00008,-0.00006,0.00006,0.00016,-0.00005,-0.00019,0.00004
0.00031,0.00008,-0.00006,0.00006,0.00016,-0.00005,-0.00019,0.00004
0.00031,0.00008,-0.00006,0.00006,0.00016,-0.00005,-0.00019,0.00004
0.00031,0.00008,-0.00006,0.00006,0.00016,-0.00005,-0.00019,0.00004
0.00031,0.00008,-0.00006,0.00006,0.00016,-0.00005,-0.00019,0.00004
0.00031,0.00008,-0.00006,0.00006,0.00016,-0.00005,-0.00019,0.00004
-0.00023,-0.00017,-0.00046,-0.00072,-0.00033,0.00013,0.00016,0.00004
-0.00023,-0.00017,-0.00046,-0.00072,-0.00033,0.00013,0.00016,0.00004
-0.00023,-0.00017,-0.00046,-0.00072,-0.00033,0.00013,0.00016,0.00004
-0.00023,-0.00017,-0.00046,-0.00072,-0.00033,0.00013,0.00016,0.00004
-0.00023,-0.00017,-0.00046,-0.00072,-0.00033,0.00013,0.00016,0.00004
-0.00023,-0.00017,-0.00046,-0.00072,-0.00033,0.00013,0.00016,0.00004
-0.00023,-0.00017,-0.00046,-0.00072,-0.00033,0.00013,0.00016,0.00004
-0.00023,-0.00017,-0.00046,-0.00072,-0.00033,0.00013,0.00016,0.00004
-0.00023,-0.00017,-0.00046,-0.00072,-0.00033,0.00013,0.00016,0.00004
-0.00023,-0.00017,-0.00046,-0.00072,-0.00033,0.00013,0.00016,0.00004
-0.00023,-0.00017,-0.00046,-0.00072,-0.00033,0.00013,0.00016,0.00004
-0.00023,-0.00017,-0.00046,-0.00072,-0.00033,0.00013,0.00016,0.00004
-0.00023,-0.00017,-0.00046,-0.00072,-0.00033,0.00013,0.00016,0.00004
-0.00023,-0.00017,-0.00046,-0.00072,-0.00033,0.00013,0.00016,0.00004
-0.00023,-0.00017,-0.00046,-0.00072,-0.00033,0.00013,0.00016,0.00004
-0.00023,-0.00017,-0.00046,-0.00072,-0.00033,0.00013,0.00016,0.00004
-0.00023,-0.00017,-0.00046,-0.00072,-0.00033,0.00013,0.00016,0.00004
-0.00023,-0.00017,-0.00046,-0.00072,-0.00033,0.00013,0.00016,0.00004
-0.00023,-0.00017,-0.00046,-0.00072,-0.00033,0.00013,0.00016,0.00004
-0.00023,-0.00017,-0.00046,-0.00072,-0.00033,0.00013,0.00016,0.00004
-0.00023,-0.00017,-0.00046,-0.00072,-0.00033,0.00013,0.00016,0.00004
-0.00017,0.00005,0.00021,-0.00003,-0.00025,-0.00026,-0.00002,0.00022
-0.00017,0.00005,0.00021,-0.00003,-0.00025,-0.00026,-0.00002,0.00022
0.00048,0.00004,-0.00011,-0.00022,-0.00003,-0.00025,-0.0002,0.0003
0.00048,0.00004,-0.00011,-0.00022,-0.00003,-0.00025,-0.0002,0.0003
0.00048,0.00004,-0.00011,-0.00022,-0.00003,-0.00025,-0.0002,0.0003
0.00048,0.00004,-0.00011,-0.00022,-0.00003,-0.00025,-0.0002,0.0003
0.00048,0.00004,-0.00011,-0.00022,-0.00003,-0.00025,-0.0002,0.0003
0.00048,0.00004,-0.00011,-0.00022,-0.00003,-0.00025,-0.0002,0.0003
0.00048,0.00004,-0.00011,-0.00022,-0.00003,-0.00025,-0.0002,0.0003
0.00048,0.00004,-0.00011,-0.00022,-0.00003,-0.00025,-0.0002,0.0003
0.00048,0.00004,-0.00011,-0.00022,-0.00003,-0.00025,-0.0002,0.0003
0.00048,0.00004,-0.00011,-0.00022,-0.00003,-0.00025,-0.0002,0.0003
0.00048,0.00004,-0.00011,-0.00022,-0.00003,-0.00025,-0.0002,0.0003
0.00048,0.00004,-0.00011,-0.00022,-0.00003,-0.00025,-0.0002,0.0003
0.00048,0.00004,-0.00011,-0.00022,-0.00003,-0.00025,-0.0002,0.0003
0.00048,0.00004,-0.00011,-0.00022,-0.00003,-0.00025,-0.0002,0.0003
0.00048,0.00004,-0.00011,-0.00022,-0.00003,-0.00025,-0.0002,0.0003
0.00048,0.00004,-0.00011,-0.00022,-0.00003,-0.00025,-0.0002,0.0003
0.00048,0.00004,-0.00011,-0.00022,-0.00003,-0.00025,-0.0002,0.0003
0.00048,0.00004,-0.00011,-0.00022,-0.00003,-0.00025,-0.0002,0.0003
0.00048,0.00004,-0.00011,-0.00022,-0.00003,-0.00025,-0.0002,0.0003
0.00048,0.00004,-0.00011,-0.00022,-0.00003,-0.00025,-0.0002,0.0003
0.00048,0.00004,-0.00011,-0.00022,-0.00003,-0.00025,-0.0002,0.0003
0.00004,0.00013,0.0002,0.00013,0.00005,0.00017,0.0002,-0.00012
0.00004,0.00013,0.0002,0.00013,0.00005,0.00017,0.0002,-0.00012
0.00004,0.00013,0.0002,0.00013,0.00005,0.00017,0.0002,-0.00012
0.00004,0.00013,0.0002,0.00013,0.00005,0.00017,0.0002,-0.00012
0.00004,0.00013,0.0002,0.00013,0.00005,0.00017,0.0002,-0.00012
0.00004,0.00013,0.0002,0.00013,0.00005,0.00017,0.0002,-0.00012
0.00004,0.00013,0.0002,0.00013,0.00005,0.00017,0.0002,-0.00012
0.00004,0.00013,0.0002,0.00013,0.00005,0.00017,0.0002,-0.00012
-0.00008,-0.00009,0.00008,0.00004,-0.00003,-0.00036,-0.0002,-0.00007
-0.00008,-0.00009,0.00008,0.00004,-0.00003,-0.00036,-0.0002,-0.00007
-0.00008,-0.00009,0.00008,0.00004,-0.00003,-0.00036,-0.0002,-0.00007
-0.00008,-0.00009,0.00008,0.00004,-0.00003,-0.00036,-0.0002,-0.00007
-0.00008,-0.00009,0.00008,0.00004,-0.00003,-0.00036,-0.0002,-0.00007
-0.00008,-0.00009,0.00008,0.00004,-0.00003,-0.00036,-0.0002,-0.00007
-0.00008,-0.00009,0.00008,0.00004,-0.00003,-0.00036,-0.0002,-0.00007
-0.00008,-0.00009,0.00008,0.00004,-0.00003,-0.00036,-0.0002,-0.00007
-0.00008,-0.00009,0.00008,0.00004,-0.00003,-0.00036,-0.0002,-0.00007
-0.00008,-0.00009,0.00008,0.00004,-0.00003,-0.00036,-0.0002,-0.00007
-0.00008,-0.00009,0.00008,0.00004,-0.00003,-0.00036,-0.0002,-0.00007
-0.00008,-0.00009,0.00008,0.00004,-0.00003,-0.00036,-0.0002,-0.00007
-0.00008,-0.00009,0.00008,0.00004,-0.00003,-0.00036,-0.0002,-0.00007
-0.00008,-0.00009,0.00008,0.00004,-0.00003,-0.00036,-0.0002,-0.00007
-0.00008,-0.00009,0.00008,0.00004,-0.00003,-0.00036,-0.0002,-0.00007
-0.00008,-0.00009,0.00008,0.00004,-0.00003,-0.00036,-0.0002,-0.00007
-0.00008,-0.00009,0.00008,0.00004,-0.00003,-0.00036,-0.0002,-0.00007
-0.00008,-0.00009,0.00008,0.00004,-0.00003,-0.00036,-0.0002,-0.00007
-0.00008,-0.00009,0.00008,0.00004,-0.00003,-0.00036,-0.0002,-0.00007
-0.00008,-0.00009,0.00008,0.00004,-0.00003,-0.00036,-0.0002,-0.00007
-0.00008,-0.00003,0.00002,0.0004,0.00044,0.0002,0.00012,0.00012
0.00004,-0.00016,-0.00044,-0.00007,0.00015,0.00004,-0.00039,-0.0001
0.00015,0.00018,0.0002,0.00001,-0.00028,-0.00021,-0.00009,-0.00015
0.00015,0.00018,0.0002,0.00001,-0.00028,-0.00021,-0.00009,-0.00015
0.00015,0.00018,0.0002,0.00001,-0.00028,-0.00021,-0.00009,-0.00015
0.00015,0.00018,0.0002,0.00001,-0.00028,-0.00021,-0.00009,-0.00015
0.00015,0.00018,0.0002,0.00001,-0.00028,-0.00021,-0.00009,-0.00015
0.00015,0.00018,0.0002,0.00001,-0.00028,-0.00021,-0.00009,-0.00015
0.00015,0.00018,0.0002,0.00001,-0.00028,-0.00021,-0.00009,-0.00015
0.00015,0.00018,0.0002,0.00001,-0.00028,-0.00021,-0.00009,-0.00015
0.00015,0.00018,0.0002,0.00001,-0.00028,-0.00021,-0.00009,-0.00015
0.00015,0.00018,0.0002,0.00001,-0.00028,-0.00021,-0.00009,-0.00015
0.00015,0.00018,0.0002,0.00001,-0.00028,-0.00021,-0.00009,-0.00015
0.00015,0.00018,0.0002,0.00001,-0.00028,-0.00021,-0.00009,-0.00015
0.00015,0.00018,0.0002,0.00001,-0.00028,-0.00021,-0.00009,-0.00015
0.00015,0.00018,0.0002,0.00001,-0.00028,-0.00021,-0.00009,-0.00015
0.00015,0.00018,0.0002,0.00001,-0.00028,-0.00021,-0.00009,-0.00015
0.00015,0.00018,0.0002,0.00001,-0.00028,-0.00021,-0.00009,-0.00015
0.00015,0.00018,0.0002,0.00001,-0.00028,-0.00021,-0.00009,-0.00015
0.00015,0.00018,0.0002,0.00001,-0.00028,-0.00021,-0.00009,-0.00015
0.00015,0.00018,0.0002,0.00001,-0.00028,-0.00021,-0.00009,-0.00015
0.00015,0.00018,0.0002,0.00001,-0.00028,-0.00021,-0.00009,-0.00015
0.00026,0.0001,-0.00019,-0.00024,0.00017,0.00002,-0.00035,0.0002
-0.00006,-0.00012,-0.0003,0,-0.00013,-0.00025,-0.00021,-0.00006
-0.00006,-0.00012,-0.0003,0,-0.00013,-0.00025,-0.00021,-0.00006
-0.00006,-0.00012,-0.0003,0,-0.00013,-0.00025,-0.00021,-0.00006
-0.00006,-0.00012,-0.0003,0,-0.00013,-0.00025,-0.00021,-0.00006
-0.00006,-0.00012,-0.0003,0,-0.00013,-0.00025,-0.00021,-0.00006
-0.00006,-0.00012,-0.0003,0,-0.00013,-0.00025,-0.00021,-0.00006
-0.00006,-0.00012,-0.0003,0,-0.00013,-0.00025,-0.00021,-0.00006
-0.00006,-0.00012,-0.0003,0,-0.00013,-0.00025,-0.00021,-0.00006
-0.00006,-0.00012,-0.0003,0,-0.00013,-0.00025,-0.00021,-0.00006
-0.00006,-0.00012,-0.0003,0,-0.00013,-0.00025,-0.00021,-0.00006
-0.00006,-0.00012,-0.0003,0,-0.00013,-0.00025,-0.00021,-0.00006
-0.00006,-0.00012,-0.0003,0,-0.00013,-0.00025,-0.00021,-0.00006
-0.00006,-0.00012,-0.0003,0,-0.00013,-0.00025,-0.00021,-0.00006
-0.00006,-0.00012,-0.0003,0,-0.00013,-0.00025,-0.00021,-0.00006
-0.00006,-0.00012,-0.0003,0,-0.00013,-0.00025,-0.00021,-0.00006
-0.00006,-0.00012,-0.0003,0,-0.00013,-0.00025,-0.00021,-0.00006
-0.00006,-0.00012,-0.0003,0,-0.00013,-0.00025,-0.00021,-0.00006
-0.00006,-0.00012,-0.0003,0,-0.00013,-0.00025,-0.00021,-0.00006
-0.00006,-0.00012,-0.0003,0,-0.00013,-0.00025,-0.00021,-0.00006
-0.00006,-0.00012,-0.0003,0,-0.00013,-0.00025,-0.00021,-0.00006
-0.00006,-0.00012,-0.0003,0,-0.00013,-0.00025,-0.00021,-0.00006
-0.00002,0.00003,-0.00003,-0.00015,-0.00032,-0.00036,-0.00051,-0.00036
-0.00036,-0.00006,-0.00006,0.00006,0.0003,0.00013,0.00014,-0.00018
-0.00036,-0.00006,-0.00006,0.00006,0.0003,0.00013,0.00014,-0.00018
-0.00036,-0.00006,-0.00006,0.00006,0.0003,0.00013,0.00014,-0.00018
-0.00036,-0.00006,-0.00006,0.00006,0.0003,0.00013,0.00014,-0.00018
-0.00036,-0.00006,-0.00006,0.00006,0.0003,0.00013,0.00014,-0.00018
-0.00036,-0.00006,-0.00006,0.00006,0.0003,0.00013,0.00014,-0.00018
-0.00036,-0.00006,-0.00006,0.00006,0.0003,0.00013,0.00014,-0.00018
-0.00036,-0.00006,-0.00006,0.00006,0.0003,0.00013,0.00014,-0.00018
-0.00036,-0.00006,-0.00006,0.00006,0.0003,0.00013,0.00014,-0.00018
-0.00036,-0.00006,-0.00006,0.00006,0.0003,0.00013,0.00014,-0.00018
-0.00036,-0.00006,-0.00006,0.00006,0.0003,0.00013,0.00014,-0.00018
-0.00036,-0.00006,-0.00006,0.00006,0.0003,0.00013,0.00014,-0.00018
-0.00036,-0.00006,-0.00006,0.00006,0.0003,0.00013,0.00014,-0.00018
-0.00036,-0.00006,-0.00006,0.00006,0.0003,0.00013,0.00014,-0.00018
-0.00036,-0.00006,-0.00006,0.00006,0.0003,0.00013,0.00014,-0.00018
-0.00036,-0.00006,-0.00006,0.00006,0.0003,0.00013,0.00014,-0.00018
-0.00036,-0.00006,-0.00006,0.00006,0.0003,0.00013,0.00014,-0.00018
-0.00036,-0.00006,-0.00006,0.00006,0.0003,0.00013,0.00014,-0.00018
-0.00036,-0.00006,-0.00006,0.00006,0.0003,0.00013,0.00014,-0.00018
-0.00036,-0.00006,-0.00006,0.00006,0.0003,0.00013,0.00014,-0.00018
-0.00036,-0.00006,-0.00006,0.00006,0.0003,0.00013,0.00014,-0.00018
-0.00036,-0.00006,-0.00006,0.00006,0.0003,0.00013,0.00014,-0.00018
-0.00036,-0.00006,-0.00006,0.00006,0.0003,0.00013,0.00014,-0.00018
-0.00036,-0.00006,-0.00006,0.00006,0.0003,0.00013,0.00014,-0.00018
-0.00036,-0.00006,-0.00006,0.00006,0.0003,0.00013,0.00014,-0.00018
-0.00036,-0.00006,-0.00006,0.00006,0.0003,0.00013,0.00014,-0.00018
0.00019,-0.00009,-0.00006,-0.00015,-0.00018,-0.00023,0.00004,0.00018
0.00027,0.00017,0.00007,-0.00001,0.0001,0.00032,0.00017,0.00025
0.00003,-0.0001,-0.00013,-0.00004,0.00009,-0.00007,0.00001,-0.00006
0.00003,-0.0001,-0.00013,-0.00004,0.00009,-0.00007,0.00001,-0.00006
0.00003,-0.0001,-0.00013,-0.00004,0.00009,-0.00007,0.00001,-0.00006
0.00003,-0.0001,-0.00013,-0.00004,0.00009,-0.00007,0.00001,-0.00006
0.00003,-0.0001,-0.00013,-0.00004,0.00009,-0.00007,0.00001,-0.00006
0.00003,-0.0001,-0.00013,-0.00004,0.00009,-0.00007,0.00001,-0.00006
0.00003,-0.0001,-0.00013,-0.00004,0.00009,-0.00007,0.00001,-0.00006
0.00003,-0.0001,-0.00013,-0.00004,0.00009,-0.00007,0.00001,-0.00006
0.00003,-0.0001,-0.00013,-0.00004,0.00009,-0.00007,0.00001,-0.00006
0.00003,-0.0001,-0.00013,-0.00004,0.00009,-0.00007,0.00001,-0.00006
0.00003,-0.0001,-0.00013,-0.00004,0.00009,-0.00007,0.00001,-0.00006
0.00003,-0.0001,-0.00013,-0.00004,0.00009,-0.00007,0.00001,-0.00006
0.00003,-0.0001,-0.00013,-0.00004,0.00009,-0.00007,0.00001,-0.00006
0.00003,-0.0001,-0.00013,-0.00004,0.00009,-0.00007,0.00001,-0.00006
0.00003,-0.0001,-0.00013,-0.00004,0.00009,-0.00007,0.00001,-0.00006
0.00003,-0.0001,-0.00013,-0.00004,0.00009,-0.00007,0.00001,-0.00006
0.00003,-0.0001,-0.00013,-0.00004,0.00009,-0.00007,0.00001,-0.00006
0.00003,-0.0001,-0.00013,-0.00004,0.00009,-0.00007,0.00001,-0.00006
0.00003,-0.0001,-0.00013,-0.00004,0.00009,-0.00007,0.00001,-0.00006
0.00028,0.00011,0.00004,-0.00005,0.00001,0.00002,0.00021,0.00015
0.00019,0.00006,0.00017,0.00011,0.00022,0.0002,0.0001,0.00028
0.00019,0.00006,0.00017,0.00011,0.00022,0.0002,0.0001,0.00028
-0.0003,-0.00047,-0.00052,0.00003,0.00013,-0.00019,0.00011,-0.00003
-0.0003,-0.00047,-0.00052,0.00003,0.00013,-0.00019,0.00011,-0.00003
-0.0003,-0.00047,-0.00052,0.00003,0.00013,-0.00019,0.00011,-0.00003
-0.0003,-0.00047,-0.00052,0.00003,0.00013,-0.00019,0.00011,-0.00003
-0.0003,-0.00047,-0.00052,0.00003,0.00013,-0.00019,0.00011,-0.00003
-0.0003,-0.00047,-0.00052,0.00003,0.00013,-0.00019,0.00011,-0.00003
-0.0003,-0.00047,-0.00052,0.00003,0.00013,-0.00019,0.00011,-0.00003
-0.0003,-0.00047,-0.00052,0.00003,0.00013,-0.00019,0.00011,-0.00003
-0.0003,-0.00047,-0.00052,0.00003,0.00013,-0.00019,0.00011,-0.00003
-0.0003,-0.00047,-0.00052,0.00003,0.00013,-0.00019,0.00011,-0.00003
-0.0003,-0.00047,-0.00052,0.00003,0.00013,-0.00019,0.00011,-0.00003
-0.0003,-0.00047,-0.00052,0.00003,0.00013,-0.00019,0.00011,-0.00003
-0.0003,-0.00047,-0.00052,0.00003,0.00013,-0.00019,0.00011,-0.00003
-0.0003,-0.00047,-0.00052,0.00003,0.00013,-0.00019,0.00011,-0.00003
-0.0003,-0.00047,-0.00052,0.00003,0.00013,-0.00019,0.00011,-0.00003
-0.0003,-0.00047,-0.00052,0.00003,0.00013,-0.00019,0.00011,-0.00003
-0.0003,-0.00047,-0.00052,0.00003,0.00013,-0.00019,0.00011,-0.00003
-0.0003,-0.00047,-0.00052,0.00003,0.00013,-0.00019,0.00011,-0.00003
-0.0003,-0.00047,-0.00052,0.00003,0.00013,-0.00019,0.00011,-0.00003
-0.0003,-0.00047,-0.00052,0.00003,0.00013,-0.00019,0.00011,-0.00003
-0.00055,-0.00002,-0.00009,-0.00018,-0.00027,-0.00018,-0.00007,-0.00024
0.00008,0.00003,-0.00015,-0.00055,-0.00039,-0.00033,-0.00026,-0.00023
0.00008,0.00003,-0.00015,-0.00055,-0.00039,-0.00033,-0.00026,-0.00023
0.00008,0.00003,-0.00015,-0.00055,-0.00039,-0.00033,-0.00026,-0.00023
0.00008,0.00003,-0.00015,-0.00055,-0.00039,-0.00033,-0.00026,-0.00023
0.00008,0.00003,-0.00015,-0.00055,-0.00039,-0.00033,-0.00026,-0.00023
0.00008,0.00003,-0.00015,-0.00055,-0.00039,-0.00033,-0.00026,-0.00023
0.00008,0.00003,-0.00015,-0.00055,-0.00039,-0.00033,-0.00026,-0.00023
0.00008,0.00003,-0.00015,-0.00055,-0.00039,-0.00033,-0.00026,-0.00023
0.00008,0.00003,-0.00015,-0.00055,-0.00039,-0.00033,-0.00026,-0.00023
0.00008,0.00003,-0.00015,-0.00055,-0.00039,-0.00033,-0.00026,-0.00023
0.00008,0.00003,-0.00015,-0.00055,-0.00039,-0.00033,-0.00026,-0.00023
0.00008,0.00003,-0.00015,-0.00055,-0.00039,-0.00033,-0.00026,-0.00023
0.00008,0.00003,-0.00015,-0.00055,-0.00039,-0.00033,-0.00026,-0.00023
0.00008,0.00003,-0.00015,-0.00055,-0.00039,-0.00033,-0.00026,-0.00023
0.00008,0.00003,-0.00015,-0.00055,-0.00039,-0.00033,-0.00026,-0.00023
0.00008,0.00003,-0.00015,-0.00055,-0.00039,-0.00033,-0.00026,-0.00023
0.00008,0.00003,-0.00015,-0.00055,-0.00039,-0.00033,-0.00026,-0.00023
0.00008,0.00003,-0.00015,-0.00055,-0.00039,-0.00033,-0.00026,-0.00023
0.00008,0.00003,-0.00015,-0.00055,-0.00039,-0.00033,-0.00026,-0.00023
0.00008,0.00003,-0.00015,-0.00055,-0.00039,-0.00033,-0.00026,-0.00023
0.00008,0.00003,-0.00015,-0.00055,-0.00039,-0.00033,-0.00026,-0.00023
0.00008,0.00003,-0.00015,-0.00055,-0.00039,-0.00033,-0.00026,-0.00023
0.00008,0.00003,-0.00015,-0.00055,-0.00039,-0.00033,-0.00026,-0.00023
0.00008,0.00003,-0.00015,-0.00055,-0.00039,-0.00033,-0.00026,-0.00023
0.00008,0.00003,-0.00015,-0.00055,-0.00039,-0.00033,-0.00026,-0.00023
0.0002,0.00015,0.00007,-0.00001,-0.00023,-0.00011,-0.00044,-0.00003
-0.00052,-0.00009,0.00029,0.0002,-0.00009,-0.00008,0.00011,-0.00015
-0.00052,-0.00009,0.00029,0.0002,-0.00009,-0.00008,0.00011,-0.00015
-0.00052,-0.00009,0.00029,0.0002,-0.00009,-0.00008,0.00011,-0.00015
-0.00052,-0.00009,0.00029,0.0002,-0.00009,-0.00008,0.00011,-0.00015
-0.00052,-0.00009,0.00029,0.0002,-0.00009,-0.00008,0.00011,-0.00015
-0.00052,-0.00009,0.00029,0.0002,-0.00009,-0.00008,0.00011,-0.00015
-0.00052,-0.00009,0.00029,0.0002,-0.00009,-0.00008,0.00011,-0.00015
-0.00052,-0.00009,0.00029,0.0002,-0.00009,-0.00008,0.00011,-0.00015
-0.00052,-0.00009,0.00029,0.0002,-0.00009,-0.00008,0.00011,-0.00015
-0.00052,-0.00009,0.00029,0.0002,-0.00009,-0.00008,0.00011,-0.00015
-0.00052,-0.00009,0.00029,0.0002,-0.00009,-0.00008,0.00011,-0.00015
-0.00052,-0.00009,0.00029,0.0002,-0.00009,-0.00008,0.00011,-0.00015
-0.00052,-0.00009,0.00029,0.0002,-0.00009,-0.00008,0.00011,-0.00015
-0.00052,-0.00009,0.00029,0.0002,-0.00009,-0.00008,0.00011,-0.00015
-0.00052,-0.00009,0.00029,0.0002,-0.00009,-0.00008,0.00011,-0.00015
-0.00052,-0.00009,0.00029,0.0002,-0.00009,-0.00008,0.00011,-0.00015
-0.00052,-0.00009,0.00029,0.0002,-0.00009,-0.00008,0.00011,-0.00015
-0.00052,-0.00009,0.00029,0.0002,-0.00009,-0.00008,0.00011,-0.00015
-0.00052,-0.00009,0.00029,0.0002,-0.00009,-0.00008,0.00011,-0.00015
-0.00052,-0.00009,0.00029,0.0002,-0.00009,-0.00008,0.00011,-0.00015
-0.00052,-0.00009,0.00029,0.0002,-0.00009,-0.00008,0.00011,-0.00015
-0.00052,-0.00009,0.00029,0.0002,-0.00009,-0.00008,0.00011,-0.00015
-0.00052,-0.00009,0.00029,0.0002,-0.00009,-0.00008,0.00011,-0.00015
0.00009,0.00018,0.00028,0.00014,0.00001,0.00013,-0.00014,-0.00003
0.00009,0.00018,0.00028,0.00014,0.00001,0.00013,-0.00014,-0.00003
0.00009,0.00018,0.00028,0.00014,0.00001,0.00013,-0.00014,-0.00003
0.00009,0.00018,0.00028,0.00014,0.00001,0.00013,-0.00014,-0.00003
0.00009,0.00018,0.00028,0.00014,0.00001,0.00013,-0.00014,-0.00003
0.00009,0.00018,0.00028,0.00014,0.00001,0.00013,-0.00014,-0.00003
0.0001,-0.00009,-0.00005,-0.00008,-0.00018,-0.00006,0.0003,0.00019
0.0001,-0.00009,-0.00005,-0.00008,-0.00018,-0.00006,0.0003,0.00019
0.0001,-0.00009,-0.00005,-0.00008,-0.00018,-0.00006,0.0003,0.00019
0.0001,-0.00009,-0.00005,-0.00008,-0.00018,-0.00006,0.0003,0.00019
0.0001,-0.00009,-0.00005,-0.00008,-0.00018,-0.00006,0.0003,0.00019
0.0001,-0.00009,-0.00005,-0.00008,-0.00018,-0.00006,0.0003,0.00019
0.0001,-0.00009,-0.00005,-0.00008,-0.00018,-0.00006,0.0003,0.00019
0.0001,-0.00009,-0.00005,-0.00008,-0.00018,-0.00006,0.0003,0.00019
0.0001,-0.00009,-0.00005,-0.00008,-0.00018,-0.00006,0.0003,0.00019
0.0001,-0.00009,-0.00005,-0.00008,-0.00018,-0.00006,0.0003,0.00019
0.0001,-0.00009,-0.00005,-0.00008,-0.00018,-0.00006,0.0003,0.00019
0.0001,-0.00009,-0.00005,-0.00008,-0.00018,-0.00006,0.0003,0.00019
0.0001,-0.00009,-0.00005,-0.00008,-0.00018,-0.00006,0.0003,0.00019
0.0001,-0.00009,-0.00005,-0.00008,-0.00018,-0.00006,0.0003,0.00019
0.0001,-0.00009,-0.00005,-0.00008,-0.00018,-0.00006,0.0003,0.00019
0.0001,-0.00009,-0.00005,-0.00008,-0.00018,-0.00006,0.0003,0.00019
0.0001,-0.00009,-0.00005,-0.00008,-0.00018,-0.00006,0.0003,0.00019
0.0001,-0.00009,-0.00005,-0.00008,-0.00018,-0.00006,0.0003,0.00019
0.0001,-0.00009,-0.00005,-0.00008,-0.00018,-0.00006,0.0003,0.00019
0.0001,-0.00009,-0.00005,-0.00008,-0.00018,-0.00006,0.0003,0.00019
0.00007,-0.00008,-0.00013,-0.00011,-0.0002,0.00014,0.00001,0
-0.00034,-0.00001,0.00001,-0.0001,0,-0.00002,0.00001,-0.00004
-0.00034,-0.00001,0.00001,-0.0001,0,-0.00002,0.00001,-0.00004
-0.00034,-0.00001,0.00001,-0.0001,0,-0.00002,0.00001,-0.00004
-0.00034,-0.00001,0.00001,-0.0001,0,-0.00002,0.00001,-0.00004
-0.00034,-0.00001,0.00001,-0.0001,0,-0.00002,0.00001,-0.00004
-0.00034,-0.00001,0.00001,-0.0001,0,-0.00002,0.00001,-0.00004
-0.00034,-0.00001,0.00001,-0.0001,0,-0.00002,0.00001,-0.00004
-0.00034,-0.00001,0.00001,-0.0001,0,-0.00002,0.00001,-0.00004
-0.00034,-0.00001,0.00001,-0.0001,0,-0.00002,0.00001,-0.00004
-0.00034,-0.00001,0.00001,-0.0001,0,-0.00002,0.00001,-0.00004
-0.00034,-0.00001,0.00001,-0.0001,0,-0.00002,0.00001,-0.00004
-0.00034,-0.00001,0.00001,-0.0001,0,-0.00002,0.00001,-0.00004
-0.00034,-0.00001,0.00001,-0.0001,0,-0.00002,0.00001,-0.00004
-0.00032,0.00002,0.00008,-0.00006,-0.00019,-0.00019,0.00013,-0.00018
-0.00032,0.00002,0.00008,-0.00006,-0.00019,-0.00019,0.00013,-0.00018
-0.00032,0.00002,0.00008,-0.00006,-0.00019,-0.00019,0.00013,-0.00018
-0.00032,0.00002,0.00008,-0.00006,-0.00019,-0.00019,0.00013,-0.00018
-0.00032,0.00002,0.00008,-0.00006,-0.00019,-0.00019,0.00013,-0.00018
-0.00032,0.00002,0.00008,-0.00006,-0.00019,-0.00019,0.00013,-0.00018
-0.00032,0.00002,0.00008,-0.00006,-0.00019,-0.00019,0.00013,-0.00018
-0.00032,0.00002,0.00008,-0.00006,-0.00019,-0.00019,0.00013,-0.00018
0.00003,-0.0001,-0.00013,-0.00006,0.00013,0.00009,-0.00018,-0.00003
0.00003,-0.0001,-0.00013,-0.00006,0.00013,0.00009,-0.00018,-0.00003
0.00003,-0.0001,-0.00013,-0.00006,0.00013,0.00009,-0.00018,-0.00003
0.00003,-0.0001,-0.00013,-0.00006,0.00013,0.00009,-0.00018,-0.00003
0.00003,-0.0001,-0.00013,-0.00006,0.00013,0.00009,-0.00018,-0.00003
0.00003,-0.0001,-0.00013,-0.00006,0.00013,0.00009,-0.00018,-0.00003
0.00003,-0.0001,-0.00013,-0.00006,0.00013,0.00009,-0.00018,-0.00003
0.00003,-0.0001,-0.00013,-0.00006,0.00013,0.00009,-0.00018,-0.00003
0.00003,-0.0001,-0.00013,-0.00006,0.00013,0.00009,-0.00018,-0.00003
0.00003,-0.0001,-0.00013,-0.00006,0.00013,0.00009,-0.00018,-0.00003
0.00003,-0.0001,-0.00013,-0.00006,0.00013,0.00009,-0.00018,-0.00003
0.00003,-0.0001,-0.00013,-0.00006,0.00013,0.00009,-0.00018,-0.00003
0.00003,-0.0001,-0.00013,-0.00006,0.00013,0.00009,-0.00018,-0.00003
0.00003,-0.0001,-0.00013,-0.00006,0.00013,0.00009,-0.00018,-0.00003
0.00003,-0.0001,-0.00013,-0.00006,0.00013,0.00009,-0.00018,-0.00003
0.00003,-0.0001,-0.00013,-0.00006,0.00013,0.00009,-0.00018,-0.00003
0.00003,-0.0001,-0.00013,-0.00006,0.00013,0.00009,-0.00018,-0.00003
0.00003,-0.0001,-0.00013,-0.00006,0.00013,0.00009,-0.00018,-0.00003
0.00003,-0.0001,-0.00013,-0.00006,0.00013,0.00009,-0.00018,-0.00003
0.00003,-0.0001,-0.00013,-0.00006,0.00013,0.00009,-0.00018,-0.00003
0.00003,-0.0001,-0.00013,-0.00006,0.00013,0.00009,-0.00018,-0.00003
0.00003,-0.0001,-0.00013,-0.00006,0.00013,0.00009,-0.00018,-0.00003
0.00014,-0.00005,-0.00005,0,0.00007,0.00002,-0.00015,-0.00017
0.0003,0.00004,-0.00007,0.00004,-0.00002,0.0002,0.00011,0.0001
0.0003,0.00004,-0.00007,0.00004,-0.00002,0.0002,0.00011,0.0001
0.0003,0.00004,-0.00007,0.00004,-0.00002,0.0002,0.00011,0.0001
0.0003,0.00004,-0.00007,0.00004,-0.00002,0.0002,0.00011,0.0001
0.0003,0.00004,-0.00007,0.00004,-0.00002,0.0002,0.00011,0.0001
0.0003,0.00004,-0.00007,0.00004,-0.00002,0.0002,0.00011,0.0001
0.0003,0.00004,-0.00007,0.00004,-0.00002,0.0002,0.00011,0.0001
-0.00006,-0.00012,-0.0003,0,-0.00013,-0.00025,-0.00021,-0.00006
-0.00006,-0.00012,-0.0003,0,-0.00013,-0.00025,-0.00021,-0.00006
